{
  "id": "run_20260509_003751_a7475a",
  "task": "Write a function called fibonacci(n) that returns the nth Fibonacci number. It should handle n=0 returning 0, n=1 returning 1, and use iterative approach for efficiency.",
  "start_time": 1778305071.6084723,
  "end_time": 1778305113.315252,
  "duration": 41.70677971839905,
  "status": "success",
  "node_ids": [
    "node_1778305073.4947083_planner",
    "node_1778305086.974359_executor",
    "node_1778305113.3104982_evaluator"
  ],
  "metrics": {
    "total_cost": 0.0,
    "total_tokens": 0,
    "iteration": 1,
    "escalated": false
  }
}