{
  "id": "run_20260508_105847_7f450a",
  "task": "Write a function called fibonacci(n) that returns the nth Fibonacci number. It should handle n=0 returning 0, n=1 returning 1, and use iterative approach for efficiency.",
  "start_time": 1778255927.8224318,
  "end_time": 1778256067.3731577,
  "duration": 139.55072593688965,
  "status": "success",
  "node_ids": [
    "node_1778255930.2357366_planner",
    "node_1778255949.4990735_executor",
    "node_1778255960.8863177_evaluator",
    "node_1778255960.887883_executor",
    "node_1778255965.6650562_evaluator",
    "node_1778255965.6671731_executor",
    "node_1778255970.462055_evaluator",
    "node_1778255970.4636354_executor",
    "node_1778255975.2749069_evaluator",
    "node_1778255975.2764258_escalate",
    "node_1778255975.2773516_executor",
    "node_1778256067.369469_evaluator"
  ],
  "metrics": {
    "total_cost": 0.0,
    "total_tokens": 0,
    "iteration": 5,
    "escalated": true
  }
}