{
  "id": "run_20260508_110556_695462",
  "task": "Write a function called fibonacci(n) that returns the nth Fibonacci number. It should handle n=0 returning 0, n=1 returning 1, and use iterative approach for efficiency.",
  "start_time": 1778256356.846043,
  "end_time": 1778256499.7403696,
  "duration": 142.89432644844055,
  "status": "success",
  "node_ids": [
    "node_1778256359.4193356_planner",
    "node_1778256381.75739_executor",
    "node_1778256393.1672385_evaluator",
    "node_1778256393.1687562_executor",
    "node_1778256398.0399349_evaluator",
    "node_1778256398.04205_executor",
    "node_1778256402.846673_evaluator",
    "node_1778256402.848831_executor",
    "node_1778256407.646251_evaluator",
    "node_1778256407.6498933_escalate",
    "node_1778256407.6514692_executor",
    "node_1778256499.736647_evaluator"
  ],
  "metrics": {
    "total_cost": 0.0,
    "total_tokens": 0,
    "iteration": 5,
    "escalated": true
  }
}